date,sofr
2024-12-26,0.0453
2024-12-27,0.0446
2024-12-30,0.0437
2024-12-31,0.0449
2025-01-02,0.044000000000000004
2025-01-03,0.0431
2025-01-06,0.042699999999999995
2025-01-07,0.042699999999999995
2025-01-08,0.0429
2025-01-09,0.043
2025-01-10,0.043
2025-01-13,0.0429
2025-01-14,0.042800000000000005
2025-01-15,0.042800000000000005
2025-01-16,0.0429
2025-01-17,0.0429
2025-01-21,0.0429
2025-01-22,0.043
2025-01-23,0.0435
2025-01-24,0.0434
2025-01-27,0.0434
2025-01-28,0.0435
2025-01-29,0.0435
2025-01-30,0.0436
2025-01-31,0.0438
2025-02-03,0.0435
2025-02-04,0.0433
2025-02-05,0.0433
2025-02-06,0.0436
2025-02-07,0.0435
2025-02-10,0.0435
2025-02-11,0.0434
2025-02-12,0.0432
2025-02-13,0.0433
2025-02-14,0.0433
2025-02-18,0.0437
2025-02-19,0.0435
2025-02-20,0.0433
2025-02-21,0.0434
2025-02-24,0.0434
2025-02-25,0.0433
2025-02-26,0.0433
2025-02-27,0.0436
2025-02-28,0.043899999999999995
2025-03-03,0.0433
2025-03-04,0.0433
2025-03-05,0.0434
2025-03-06,0.0435
2025-03-07,0.0434
2025-03-10,0.0433
2025-03-11,0.0432
2025-03-12,0.0431
2025-03-13,0.043
2025-03-14,0.043
2025-03-17,0.0432
2025-03-18,0.0431
2025-03-19,0.0429
2025-03-20,0.0429
2025-03-21,0.043
2025-03-24,0.0431
2025-03-25,0.0433
2025-03-26,0.0435
2025-03-27,0.0436
2025-03-28,0.0434
2025-03-31,0.0441
2025-04-01,0.043899999999999995
2025-04-02,0.0437
2025-04-03,0.043899999999999995
2025-04-04,0.0435
2025-04-07,0.0433
2025-04-08,0.044000000000000004
2025-04-09,0.044199999999999996
2025-04-10,0.0437
2025-04-11,0.0433
2025-04-14,0.0433
2025-04-15,0.0436
2025-04-16,0.0431
2025-04-17,0.0432
2025-04-21,0.0432
2025-04-22,0.043
2025-04-23,0.042800000000000005
2025-04-24,0.0429
2025-04-25,0.0433
2025-04-28,0.0436
2025-04-29,0.0436
2025-04-30,0.0441
2025-05-01,0.043899999999999995
2025-05-02,0.0436
2025-05-05,0.0433
2025-05-06,0.0432
2025-05-07,0.043
2025-05-08,0.0429
2025-05-09,0.042800000000000005
2025-05-12,0.042800000000000005
2025-05-13,0.043
2025-05-14,0.0429
2025-05-15,0.0431
2025-05-16,0.043
2025-05-19,0.0429
2025-05-20,0.042699999999999995
2025-05-21,0.0426
2025-05-22,0.0426
2025-05-23,0.0426
2025-05-27,0.0431
2025-05-28,0.0433
2025-05-29,0.0433
2025-05-30,0.0435
2025-06-02,0.0435
2025-06-03,0.0432
2025-06-04,0.042800000000000005
2025-06-05,0.0429
2025-06-06,0.0429
2025-06-09,0.0429
2025-06-10,0.042800000000000005
2025-06-11,0.042800000000000005
2025-06-12,0.042800000000000005
2025-06-13,0.042800000000000005
2025-06-16,0.0432
2025-06-17,0.0431
2025-06-18,0.042800000000000005
2025-06-20,0.0429
2025-06-23,0.0429
2025-06-24,0.043
2025-06-25,0.0436
2025-06-26,0.044000000000000004
2025-06-27,0.043899999999999995
2025-06-30,0.044500000000000005
2025-07-01,0.0444
2025-07-02,0.044000000000000004
2025-07-03,0.0435
2025-07-07,0.0433
2025-07-08,0.0434
2025-07-09,0.0432
2025-07-10,0.0431
2025-07-11,0.0431
2025-07-14,0.0433
2025-07-15,0.0437
2025-07-16,0.0434
2025-07-17,0.0434
2025-07-18,0.043
2025-07-21,0.042800000000000005
2025-07-22,0.042800000000000005
2025-07-23,0.042800000000000005
2025-07-24,0.043
2025-07-25,0.0436
2025-07-28,0.0436
2025-07-29,0.0436
2025-07-30,0.0432
2025-07-31,0.043899999999999995
2025-08-01,0.0434
2025-08-04,0.0433
2025-08-05,0.0434
2025-08-06,0.0434
2025-08-07,0.0435
2025-08-08,0.0435
2025-08-11,0.0434
2025-08-12,0.0436
2025-08-13,0.0433
2025-08-14,0.0434
2025-08-15,0.0436
2025-08-18,0.0434
2025-08-19,0.0433
2025-08-20,0.0431
2025-08-21,0.0432
2025-08-22,0.0436
2025-08-25,0.0437
2025-08-26,0.0438
2025-08-27,0.0436
2025-08-28,0.0434
2025-08-29,0.0434
2025-09-02,0.043899999999999995
2025-09-03,0.043899999999999995
2025-09-04,0.0441
2025-09-05,0.044199999999999996
2025-09-08,0.044000000000000004
2025-09-09,0.044000000000000004
2025-09-10,0.043899999999999995
2025-09-11,0.0441
2025-09-12,0.044199999999999996
2025-09-15,0.0451
2025-09-16,0.043899999999999995
2025-09-17,0.0438
2025-09-18,0.0414
2025-09-19,0.0414
2025-09-22,0.0414
2025-09-23,0.0412
2025-09-24,0.041299999999999996
2025-09-25,0.0418
2025-09-26,0.0416
2025-09-29,0.041299999999999996
2025-09-30,0.0424
2025-10-01,0.042
2025-10-02,0.042
2025-10-03,0.0418
2025-10-06,0.0415
2025-10-07,0.0414
2025-10-08,0.0412
2025-10-09,0.041299999999999996
2025-10-10,0.0415
2025-10-14,0.04190000000000001
2025-10-15,0.0429
2025-10-16,0.043
2025-10-17,0.0418
2025-10-20,0.0416
2025-10-21,0.042300000000000004
2025-10-22,0.0421
2025-10-23,0.0424
2025-10-24,0.0424
2025-10-27,0.042699999999999995
2025-10-28,0.0431
2025-10-29,0.042699999999999995
2025-10-30,0.0404
2025-10-31,0.042199999999999994
2025-11-03,0.041299999999999996
2025-11-04,0.04
2025-11-05,0.0391
2025-11-06,0.0392
2025-11-07,0.0393
2025-11-10,0.0395
2025-11-12,0.0398
2025-11-13,0.04
2025-11-14,0.0395
2025-11-17,0.04
2025-11-18,0.0394
2025-11-19,0.0391
2025-11-20,0.0391
2025-11-21,0.0393
2025-11-24,0.039599999999999996
2025-11-25,0.0401
2025-11-26,0.0405
2025-11-28,0.0412
2025-12-01,0.0412
2025-12-02,0.0401
2025-12-03,0.0395
2025-12-04,0.0392
2025-12-05,0.0393
2025-12-08,0.0395
2025-12-09,0.0393
2025-12-10,0.039
2025-12-11,0.0366
2025-12-12,0.036699999999999997
2025-12-15,0.0375
2025-12-16,0.0369
2025-12-17,0.0369
2025-12-18,0.0366
2025-12-19,0.0366
2025-12-22,0.0368
2025-12-23,0.0366
2025-12-24,0.0366
2025-12-26,0.037599999999999995
2025-12-29,0.0377
2025-12-30,0.0371
2025-12-31,0.0387
2026-01-02,0.0375
2026-01-05,0.037000000000000005
2026-01-06,0.0366
2026-01-07,0.0365
2026-01-08,0.0364
2026-01-09,0.0364
2026-01-12,0.0364
2026-01-13,0.0365
2026-01-14,0.0364
2026-01-15,0.0366
2026-01-16,0.0365
2026-01-20,0.0364
2026-01-21,0.0363
2026-01-22,0.0364
2026-01-23,0.0365
2026-01-26,0.0366
2026-01-27,0.0366
2026-01-28,0.0364
2026-01-29,0.0365
2026-01-30,0.0368
2026-02-02,0.0369
2026-02-03,0.0369
2026-02-04,0.0365
2026-02-05,0.0365
2026-02-06,0.0364
2026-02-09,0.0363
2026-02-10,0.0365
2026-02-11,0.0365
2026-02-12,0.0365
2026-02-13,0.0366
2026-02-17,0.0371
2026-02-18,0.0373
2026-02-19,0.036699999999999997
2026-02-20,0.0366
2026-02-23,0.0366
2026-02-24,0.036699999999999997
2026-02-25,0.036699999999999997
2026-02-26,0.036699999999999997
2026-02-27,0.0368
2026-03-02,0.0371
2026-03-03,0.037000000000000005
2026-03-04,0.036699999999999997
2026-03-05,0.0366
2026-03-06,0.0365
2026-03-09,0.0365
2026-03-10,0.0364
2026-03-11,0.0364
2026-03-12,0.0365
2026-03-13,0.0365
2026-03-16,0.037000000000000005
2026-03-17,0.0365
2026-03-18,0.0362
2026-03-19,0.0362
2026-03-20,0.0362
2026-03-23,0.0362
2026-03-24,0.0363
2026-03-25,0.0364
2026-03-26,0.0365
2026-03-27,0.0363
2026-03-30,0.0363
2026-03-31,0.0368
2026-04-01,0.0365
2026-04-02,0.0366
2026-04-06,0.0365
2026-04-07,0.0362
2026-04-08,0.0359
2026-04-09,0.035699999999999996
2026-04-10,0.0361
2026-04-13,0.0363
2026-04-14,0.0366
2026-04-15,0.037200000000000004
2026-04-16,0.036699999999999997
2026-04-17,0.0365
2026-04-20,0.0363
2026-04-21,0.0363
2026-04-22,0.0364
2026-04-23,0.0365
2026-04-24,0.0366
2026-04-27,0.0366
2026-04-28,0.0364
2026-04-29,0.0363
2026-04-30,0.0366
2026-05-01,0.0364
2026-05-04,0.0363
2026-05-05,0.0362
2026-05-06,0.0361
2026-05-07,0.036000000000000004
2026-05-08,0.036000000000000004
2026-05-11,0.036000000000000004
2026-05-12,0.036000000000000004
2026-05-13,0.0359
2026-05-14,0.0356
2026-05-15,0.0355
2026-05-18,0.0353
2026-05-19,0.0351
2026-05-20,0.035
2026-05-21,0.0351
2026-05-22,0.0355
2026-05-26,0.0363
2026-05-27,0.0363
2026-05-28,0.0362
2026-05-29,0.0363
2026-06-01,0.0365
2026-06-02,0.0363
2026-06-03,0.0361
2026-06-04,0.0362
2026-06-05,0.0363
2026-06-08,0.0363
2026-06-09,0.036000000000000004
2026-06-10,0.0359
2026-06-11,0.036000000000000004
2026-06-12,0.0365
2026-06-15,0.0369
2026-06-16,0.0363
2026-06-17,0.0363
2026-06-18,0.0362
2026-06-22,0.0361
2026-06-23,0.0362
2026-06-24,0.0362
2026-06-25,0.0364
2026-06-26,0.0362
2026-06-29,0.0362
2026-06-30,0.0368
2026-07-01,0.0366
2026-07-02,0.0364
2026-07-06,0.0363
2026-07-07,0.0362
2026-07-08,0.0358
2026-07-09,0.0353
2026-07-10,0.0355
2026-07-13,0.036000000000000004
2026-07-14,0.0363
2026-07-15,0.0364
2026-07-16,0.0362
2026-07-17,0.0359
2026-07-20,0.035699999999999996
2026-07-21,0.0361
2026-07-22,0.0362
2026-07-23,0.0364
2026-07-24,0.0364
2026-07-27,0.0364
2026-07-28,0.0365
2026-07-29,0.0365
2026-07-30,0.0365
2026-07-31,0.0366
2026-08-03,0.0365
2026-08-04,0.0366
