date,average_30d,average_90d,average_180d,index
2024-12-27,0.0454671,0.047133900000000006,0.0504866,1.17422796
2024-12-30,0.04535,0.046992200000000005,0.0503327,1.17466438
2024-12-31,0.0452766,0.0469157,0.0502781,1.17480697
2025-01-02,0.045192800000000005,0.0468269,0.050183099999999994,1.17510002
2025-01-03,0.04511250000000001,0.046778700000000006,0.0501307,1.17524364
2025-01-06,0.044828,0.0466032,0.049957,1.17566575
2025-01-07,0.0447178,0.0465392,0.0498961,1.1758052
2025-01-08,0.044607400000000005,0.046476199999999995,0.0498351,1.17594466
2025-01-09,0.0444937,0.046416700000000005,0.049775400000000004,1.17608479
2025-01-10,0.0443799,0.0463596,0.049716300000000005,1.17622527
2025-01-13,0.0440654,0.0461877,0.049538,1.17664675
2025-01-14,0.0439619,0.0461236,0.0494777,1.17678697
2025-01-15,0.0438548,0.0460584,0.0494173,1.17692687
2025-01-16,0.043731,0.045994400000000005,0.0493571,1.1770668
2025-01-17,0.0436207,0.04593270000000001,0.0492974,1.17720707
2025-01-21,0.0435165,0.045688599999999996,0.049058700000000004,1.1777682
2025-01-22,0.0435131,0.0456279,0.048998400000000004,1.17790855
2025-01-23,0.0435098,0.0455684,0.048938699999999995,1.17804925
2025-01-24,0.043493199999999996,0.045514599999999995,0.0488819,1.17819159
2025-01-27,0.0433693,0.0453505,0.048711700000000004,1.17861771
2025-01-28,0.0433293,0.0452965,0.048652499999999994,1.1787598
2025-01-29,0.043292599999999994,0.045244799999999995,0.0485956,1.17890223
2025-01-30,0.0432859,0.045183,0.0485388,1.17904468
2025-01-31,0.0432426,0.045127,0.048482500000000005,1.17918748
2025-02-03,0.043222300000000005,0.0449696,0.0483197,1.17961788
2025-02-04,0.0432359,0.0449168,0.0482639,1.17976042
2025-02-05,0.0432425,0.044862900000000004,0.0482065,1.17990231
2025-02-06,0.043262600000000005,0.0448079,0.0481491,1.18004423
2025-02-07,0.0432927,0.0447811,0.048093399999999994,1.18018715
2025-02-10,0.0433461,0.0446969,0.0479244,1.18061496
2025-02-11,0.043363,0.044668799999999995,0.0478686,1.18075762
2025-02-12,0.0433763,0.044640700000000005,0.0478112,1.18089997
2025-02-13,0.0433864,0.0446115,0.047754399999999995,1.18104168
2025-02-14,0.0434031,0.044584599999999995,0.0476982,1.18118373
2025-02-18,0.0434598,0.0444765,0.047473299999999996,1.18175201
2025-02-19,0.0434867,0.0444552,0.0474199,1.18189546
2025-02-20,0.0435068,0.044430500000000005,0.047364300000000005,1.18203828
2025-02-21,0.0435201,0.0444036,0.0473074,1.18218045
2025-02-24,0.04353,0.044324899999999993,0.0471368,1.182608
2025-02-25,0.0435302,0.044297899999999994,0.047079300000000004,1.18275057
2025-02-26,0.043526800000000004,0.044271000000000005,0.0470225,1.18289283
2025-02-27,0.04352350000000001,0.0442441,0.046966299999999996,1.18303511
2025-02-28,0.043526800000000004,0.044218400000000005,0.046911800000000003,1.18317839
2025-03-03,0.0435534,0.0441453,0.0467521,1.18361123
2025-03-04,0.0435369,0.0441104,0.0466941,1.18375359
2025-03-05,0.0435201,0.0440812,0.0466361,1.18389597
2025-03-06,0.0435168,0.0440531,0.046579300000000004,1.1840387
2025-03-07,0.04352350000000001,0.0440252,0.0465231,1.18418177
2025-03-10,0.043516599999999996,0.043934100000000004,0.046353099999999994,1.18461005
2025-03-11,0.043510099999999996,0.043899299999999995,0.0462968,1.18475253
2025-03-12,0.0435001,0.043865600000000005,0.0462394,1.1848947
2025-03-13,0.0434867,0.043830799999999996,0.0461815,1.18503656
2025-03-14,0.043473300000000006,0.0437972,0.046123000000000004,1.18517811
2025-03-17,0.0434466,0.0436904,0.0459417,1.1856028
2025-03-18,0.0434436,0.0436567,0.045884299999999996,1.18574507
2025-03-19,0.0434371,0.0436275,0.0458553,1.18588703
2025-03-20,0.043423699999999996,0.043626399999999996,0.045824699999999996,1.18602835
2025-03-21,0.0433969,0.0436254,0.045793999999999994,1.18616968
2025-03-24,0.043356599999999995,0.0436242,0.045702999999999994,1.18659472
2025-03-25,0.0433467,0.0436141,0.045672899999999995,1.18673679
2025-03-26,0.043343400000000004,0.0436062,0.0456445,1.18687952
2025-03-27,0.0433467,0.043586,0.0456168,1.18702294
2025-03-28,0.0433568,0.0435749,0.045589500000000005,1.1871667
2025-03-31,0.04333649999999999,0.0435445,0.0454855,1.18759606
2025-04-01,0.043343400000000004,0.0435356,0.045456500000000004,1.18774154
2025-04-02,0.043343400000000004,0.0435243,0.0454304,1.18788638
2025-04-03,0.0433568,0.043521000000000004,0.045404299999999995,1.18803057
2025-04-04,0.0433769,0.0435301,0.045379300000000004,1.18817545
2025-04-07,0.043383399999999996,0.0435479,0.0452969,1.18860616
2025-04-08,0.0433802,0.0435547,0.045268499999999996,1.18874913
2025-04-09,0.043400299999999996,0.043567,0.0452446,1.18889442
2025-04-10,0.0434304,0.0435805,0.0452226,1.18904039
2025-04-11,0.0434471,0.0435885,0.0451977,1.18918472
2025-04-14,0.0434737,0.0435996,0.045113,1.18961382
2025-04-15,0.0434839,0.043605200000000004,0.045082899999999995,1.1897569
2025-04-16,0.043503999999999994,0.0436142,0.045055,1.189901
2025-04-17,0.0435006,0.04361640000000001,0.045025,1.19004345
2025-04-21,0.04353,0.0436299,0.0449084,1.19061468
2025-04-22,0.0435369,0.04363330000000001,0.044879499999999996,1.19075755
2025-04-23,0.0435369,0.04363330000000001,0.0448494,1.19089978
2025-04-24,0.0435269,0.0436254,0.0448182,1.19104136
2025-04-25,0.043513500000000004,0.043619899999999996,0.044787600000000004,1.1911833
2025-04-28,0.043493199999999996,0.04361640000000001,0.044703400000000004,1.19161311
2025-04-29,0.0435001,0.0436175,0.0446779,1.19175743
2025-04-30,0.0435068,0.043618699999999996,0.0446472,1.19190177
2025-05-01,0.0435068,0.0436243,0.04462170000000001,1.19204778
2025-05-02,0.0435068,0.0436255,0.0445951,1.19219314
2025-05-05,0.0434966,0.043621999999999994,0.0445143,1.1926263
2025-05-06,0.0434901,0.043621999999999994,0.0444871,1.19276975
2025-05-07,0.04348,0.043620900000000004,0.044458700000000004,1.19291288
2025-05-08,0.04347,0.0436142,0.044441800000000004,1.19305537
2025-05-09,0.043433200000000005,0.0436075,0.044424200000000004,1.19319754
2025-05-12,0.0433394,0.0435839,0.0443697,1.19362311
2025-05-13,0.0433228,0.0435771,0.0443521,1.19376502
2025-05-14,0.0433128,0.0435749,0.044336200000000006,1.19390761
2025-05-15,0.043299399999999995,0.043570399999999995,0.0443203,1.19404989
2025-05-16,0.0432827,0.043568300000000004,0.0443056,1.19419284
2025-05-19,0.0432663,0.0435582,0.0442595,1.19462076
2025-05-20,0.0432564,0.043549199999999996,0.0442442,1.19476312
2025-05-21,0.0432397,0.0435402,0.0442272,1.19490483
2025-05-22,0.0432197,0.043532400000000006,0.0442096,1.19504623
2025-05-23,0.0432063,0.04352350000000001,0.0441921,1.19518764
2025-05-27,0.0431422,0.0434884,0.044120400000000004,1.19575336
2025-05-28,0.0431355,0.0434862,0.0441056,1.19589652
2025-05-29,0.0431255,0.0434828,0.0440909,1.19604036
2025-05-30,0.0431155,0.0434762,0.044076199999999996,1.19618422
2025-06-02,0.0430785,0.0434693,0.0440296,1.19661783
2025-06-03,0.0430753,0.0434716,0.0440159,1.19676243
2025-06-04,0.043061999999999996,0.0434693,0.0440006,1.19690604
2025-06-05,0.0430452,0.0434615,0.0439825,1.19704834
2025-06-06,0.043035199999999996,0.043456,0.0439649,1.19719098
2025-06-09,0.043035,0.0434401,0.0439081,1.19761898
2025-06-10,0.0430385,0.0434368,0.0438893,1.1977617
2025-06-11,0.0430385,0.043433400000000004,0.04386999999999999,1.1979041
2025-06-12,0.0430385,0.0434311,0.0438519,1.19804651
2025-06-13,0.0430319,0.043429,0.0438338,1.19818895
2025-06-16,0.043011600000000004,0.0434199,0.0437753,1.1986163
2025-06-17,0.0430185,0.043421,0.0437611,1.19876014
2025-06-18,0.0430218,0.0434233,0.0437616,1.19890366
2025-06-20,0.0430217,0.04341999999999999,0.0437594,1.19918873
2025-06-23,0.043051700000000005,0.0434154,0.0437514,1.19961744
2025-06-24,0.0430621,0.0434109,0.043745200000000005,1.19976039
2025-06-25,0.0430757,0.0434053,0.0437321,1.1999037
2025-06-26,0.0431091,0.0434053,0.0437265,1.20004902
2025-06-27,0.0431392,0.0434121,0.043723099999999994,1.20019569
2025-06-30,0.0431926,0.043421,0.0437146,1.20063476
2025-07-01,0.0432262,0.0434277,0.043712299999999996,1.20078317
2025-07-02,0.043256300000000004,0.0434356,0.0437146,1.20093127
2025-07-03,0.043273,0.0434367,0.0437197,1.20107805
2025-07-07,0.04334590000000001,0.04343880000000001,0.0437332,1.20165857
2025-07-08,0.0433594,0.0434309,0.0437355,1.20180311
2025-07-09,0.043376200000000004,0.043421900000000006,0.043737700000000004,1.20194799
2025-07-10,0.0433862,0.043416300000000005,0.043738900000000004,1.20209222
2025-07-11,0.0433962,0.0434142,0.0437395,1.20223614
2025-07-14,0.0434262,0.043407299999999996,0.0437429,1.20266794
2025-07-15,0.0434431,0.043404,0.043745700000000005,1.2028126
2025-07-16,0.0434732,0.0434107,0.0437502,1.20295861
2025-07-17,0.0434798,0.0434131,0.043753200000000006,1.20310363
2025-07-18,0.0434899,0.043415499999999996,0.0437561,1.20324867
2025-07-21,0.043506600000000006,0.0434086,0.043757700000000004,1.20367983
2025-07-22,0.0435034,0.0434064,0.0437566,1.20382294
2025-07-23,0.0435001,0.0434064,0.0437526,1.20396606
2025-07-24,0.0434967,0.0434052,0.0437492,1.2041092
2025-07-25,0.0434967,0.043402,0.043747,1.20425302
2025-07-28,0.0434732,0.0434086,0.0437497,1.20469057
2025-07-29,0.0434633,0.0434086,0.0437503,1.20483647
2025-07-30,0.0434533,0.043403,0.0437503,1.20498239
2025-07-31,0.0434098,0.0433951,0.043747,1.20512699
2025-08-01,0.043393100000000004,0.043398599999999996,0.043747600000000005,1.20527394
2025-08-04,0.043366600000000005,0.0433951,0.043745200000000005,1.20570985
2025-08-05,0.0433601,0.0433963,0.043745200000000005,1.20585487
2025-08-06,0.0433568,0.0434008,0.0437441,1.20600024
2025-08-07,0.0433601,0.0434064,0.0437436,1.20614563
2025-08-08,0.043363500000000006,0.043414299999999996,0.0437436,1.20629138
2025-08-11,0.043400100000000004,0.0434378,0.0437441,1.20672866
2025-08-12,0.0434103,0.043442299999999996,0.043745200000000005,1.20687414
2025-08-13,0.043427,0.0434502,0.043746900000000005,1.2070203
2025-08-14,0.043427,0.0434524,0.043747,1.20716548
2025-08-15,0.043417000000000004,0.043456999999999996,0.043747600000000005,1.20731101
2025-08-18,0.043450300000000004,0.043478199999999995,0.0437504,1.20774967
2025-08-19,0.0434638,0.0434861,0.0437498,1.20789527
2025-08-20,0.0434738,0.043494000000000005,0.0437498,1.20804055
2025-08-21,0.0434839,0.0434996,0.043748199999999994,1.20818518
2025-08-22,0.0434973,0.0435065,0.043747100000000004,1.20833016
2025-08-25,0.0435439,0.0435402,0.043751,1.20876919
2025-08-26,0.04354739999999999,0.0435469,0.043753200000000006,1.20891592
2025-08-27,0.0435541,0.0435525,0.0437544,1.209063
2025-08-28,0.0435541,0.0435559,0.043752700000000005,1.20920943
2025-08-29,0.04354739999999999,0.043554899999999994,0.0437499,1.20935521
2025-09-02,0.0435369,0.043553499999999995,0.043747999999999995,1.20993839
2025-09-03,0.0435536,0.0435658,0.0437503,1.21008593
2025-09-04,0.04357370000000001,0.0435771,0.043753200000000006,1.2102335
2025-09-05,0.0435971,0.04359060000000001,0.0437572,1.21038175
2025-09-08,0.0436705,0.0436343,0.0437725,1.21082758
2025-09-09,0.0436874,0.043647799999999994,0.0437776,1.21097557
2025-09-10,0.043704099999999996,0.0436613,0.0437832,1.21112357
2025-09-11,0.043720800000000004,0.0436736,0.043788400000000005,1.21127126
2025-09-12,0.0437376,0.0436883,0.043794700000000006,1.21141964
2025-09-15,0.0438143,0.0437309,0.0438133,1.21186585
2025-09-16,0.0438647,0.0437534,0.0438258,1.21201767
2025-09-17,0.0438747,0.043765799999999994,0.043831499999999995,1.21216547
2025-09-18,0.043888100000000006,0.043776999999999996,0.0438361,1.21231295
2025-09-19,0.0438245,0.0437603,0.043827,1.21245237
2025-09-22,0.0436337,0.0437096,0.0437974,1.21287066
2025-09-23,0.043560299999999996,0.04369170000000001,0.0437855,1.21301014
2025-09-24,0.04348,0.043664699999999994,0.043771899999999996,1.21314896
2025-09-25,0.0433997,0.0436344,0.04376,1.21328814
2025-09-26,0.043332800000000005,0.0436109,0.043751,1.21342902
2025-09-29,0.0431456,0.0435266,0.0437134,1.21384967
2025-09-30,0.0430757,0.0434918,0.0436998,1.21398893
2025-10-01,0.0430424,0.0434738,0.0436913,1.21413191
2025-10-02,0.042995599999999995,0.043457100000000005,0.0436828,1.21427356
2025-10-03,0.042932,0.0434404,0.0436743,1.21441522
2025-10-06,0.042704399999999997,0.0433853,0.0436436,1.21483824
2025-10-07,0.0426143,0.0433639,0.043628299999999995,1.21497829
2025-10-08,0.042520699999999995,0.0433437,0.04361519999999999,1.21511801
2025-10-09,0.042427,0.0433224,0.0436034,1.21525707
2025-10-10,0.0423367,0.0433023,0.0435921,1.21539649
2025-10-14,0.041988399999999995,0.0432212,0.043550500000000006,1.21595692
2025-10-15,0.041911500000000004,0.0432043,0.043543200000000004,1.21609845
2025-10-16,0.041837900000000004,0.0431987,0.0435415,1.21624336
2025-10-17,0.041807800000000006,0.0431988,0.04354040000000001,1.21638864
2025-10-20,0.0417675,0.0431605,0.0435176,1.21681235
2025-10-21,0.041774399999999996,0.0431471,0.043510799999999995,1.21695296
2025-10-22,0.0418045,0.0431414,0.0435074,1.21709595
2025-10-23,0.0418279,0.043131300000000004,0.043500699999999996,1.21723828
2025-10-24,0.041867999999999995,0.043118,0.0434956,1.21738164
2025-10-27,0.0419515,0.0430774,0.0434768,1.21781179
2025-10-28,0.041988399999999995,0.0430673,0.043468799999999995,1.21795623
2025-10-29,0.042038599999999995,0.0430662,0.0434643,1.21810205
2025-10-30,0.0420854,0.0430527,0.043459199999999996,1.21824653
2025-10-31,0.0420185,0.0430192,0.043441099999999996,1.21838324
2025-11-03,0.0420451,0.0429798,0.04342120000000001,1.21881171
2025-11-04,0.042028499999999996,0.04295620000000001,0.0434115,1.21895153
2025-11-05,0.0419683,0.042918000000000005,0.043395,1.21908697
2025-11-06,0.041888100000000004,0.0428686,0.0433741,1.21921938
2025-11-07,0.0418145,0.0428204,0.0433537,1.21935214
2025-11-10,0.0416105,0.042679999999999996,0.0432929,1.21975148
2025-11-12,0.0414771,0.0425912,0.0432532,1.22001914
2025-11-13,0.0414202,0.04255080000000001,0.0432351,1.22015402
2025-11-14,0.0413567,0.0425105,0.0432181,1.2202896
2025-11-17,0.0410489,0.0423746,0.043160699999999996,1.22069127
2025-11-18,0.040988800000000006,0.0423375,0.0431459,1.22082691
2025-11-19,0.0409086,0.04229599999999999,0.0431278,1.22096052
2025-11-20,0.04082499999999999,0.0422499,0.04310800000000001,1.22109313
2025-11-21,0.040718,0.0421995,0.0430882,1.22122575
2025-11-24,0.0404169,0.0420535,0.0430291,1.2216257
2025-11-25,0.040323399999999995,0.0420063,0.0430081,1.22176008
2025-11-26,0.040246500000000004,0.04196710000000001,0.04299,1.22189617
2025-11-28,0.040085800000000005,0.041902100000000005,0.042956,1.2221711
2025-12-01,0.0400288,0.041828000000000004,0.042918399999999995,1.22259071
2025-12-02,0.0399956,0.04179770000000001,0.0429094,1.22273063
2025-12-03,0.0399253,0.04175500000000001,0.0428935,1.22286683
2025-12-04,0.0398651,0.0417034,0.0428742,1.22300101
2025-12-05,0.039838399999999996,0.0416474,0.042853300000000004,1.22313418
2025-12-08,0.0398483,0.04148450000000001,0.042792500000000004,1.22353475
2025-12-09,0.039855100000000004,0.041434,0.0427738,1.223669
2025-12-10,0.039855100000000004,0.0413824,0.0427539,1.22380259
2025-12-11,0.0398385,0.0413251,0.042732400000000004,1.22393516
2025-12-12,0.0397416,0.04124,0.0426973,1.2240596
2025-12-15,0.0394338,0.0409772,0.0425894,1.22443396
2025-12-16,0.0393671,0.0409054,0.0425594,1.2245615
2025-12-17,0.0392802,0.040827999999999996,0.0425259,1.22468702
2025-12-18,0.0391765,0.0407775,0.0424919,1.22481255
2025-12-19,0.039082900000000004,0.0407237,0.0424562,1.22493707
2025-12-22,0.0388253,0.040561999999999994,0.0423484,1.22531068
2025-12-23,0.0387419,0.0405126,0.042309799999999995,1.22543593
2025-12-24,0.0386516,0.0404599,0.042267799999999994,1.22556052
2025-12-26,0.0384341,0.040345500000000006,0.0421851,1.22580972
2025-12-29,0.038119900000000005,0.0402141,0.0420716,1.2261938
2025-12-30,0.038003,0.0401614,0.0420358,1.22632221
2025-12-31,0.0378659,0.04010640000000001,0.0419996,1.22644859
2026-01-02,0.0377354,0.0400346,0.041945199999999995,1.22671228
2026-01-05,0.0375514,0.039893200000000004,0.041844799999999994,1.22709563
2026-01-06,0.0374747,0.0398438,0.041809599999999995,1.22722174
2026-01-07,0.037384400000000005,0.0397922,0.0417728,1.22734651
2026-01-08,0.0372841,0.0397383,0.0417354,1.22747095
2026-01-09,0.0371871,0.0396813,0.0416974,1.22759506
2026-01-12,0.0370834,0.0395097,0.0415789,1.22796743
2026-01-13,0.0370735,0.0394479,0.041539200000000005,1.22809159
2026-01-14,0.0370668,0.0393761,0.0415,1.22821611
2026-01-15,0.03703,0.0393021,0.041462700000000005,1.22834029
2026-01-16,0.03702,0.0392439,0.0414264,1.22846518
2026-01-20,0.0369962,0.0390025,0.0412823,1.22896339
2026-01-21,0.0369895,0.0389385,0.0412449,1.22908765
2026-01-22,0.0369728,0.0388701,0.041203500000000004,1.22921158
2026-01-23,0.0369661,0.0388029,0.0411627,1.22933587
2026-01-26,0.0369227,0.0386009,0.0410419,1.22970979
2026-01-27,0.0368894,0.038528,0.041004500000000006,1.22983481
2026-01-28,0.0368559,0.0384596,0.0409631,1.22995984
2026-01-29,0.0368125,0.0384147,0.040923499999999995,1.23008421
2026-01-30,0.0367924,0.0383509,0.0408844,1.23020892
2026-02-02,0.036642,0.038179199999999996,0.0407727,1.23058619
2026-02-03,0.0366221,0.0381445,0.040735900000000005,1.23071232
2026-02-04,0.036602,0.0381198,0.0406984,1.23083847
2026-02-05,0.0365853,0.0380895,0.0406588,1.23096326
2026-02-06,0.0365819,0.0380582,0.040619199999999994,1.23108807
2026-02-09,0.0365785,0.0379583,0.0404984,1.2314615
2026-02-10,0.0365753,0.0379225,0.0404587,1.23158567
2026-02-11,0.036578599999999996,0.0378854,0.04041960000000001,1.23171054
2026-02-12,0.0365819,0.037846199999999997,0.040379500000000006,1.23183542
2026-02-13,0.0365819,0.0378126,0.0403392,1.23196032
2026-02-17,0.0365952,0.0376779,0.040186099999999995,1.23246132
2026-02-18,0.0366154,0.0376554,0.040151599999999996,1.23258833
2026-02-19,0.036642100000000004,0.0376353,0.0401159,1.23271604
2026-02-20,0.0366521,0.0376062,0.040076799999999996,1.23284171
2026-02-23,0.0366721,0.0375119,0.0399561,1.23321772
2026-02-24,0.0366755,0.0374727,0.0399164,1.2333431
2026-02-25,0.0366822,0.0374301,0.0398785,1.23346883
2026-02-26,0.0366856,0.0373875,0.0398406,1.23359458
2026-02-27,0.0366889,0.0373371,0.039802699999999996,1.23372034
2026-03-02,0.0367122,0.037189,0.0396877,1.23409868
2026-03-03,0.0367223,0.0371554,0.0396491,1.23422586
2026-03-04,0.036729,0.037127400000000005,0.0396089,1.23435271
2026-03-05,0.0367223,0.0370993,0.0395665,1.23447854
2026-03-06,0.0367123,0.037069200000000004,0.0395235,1.23460405
2026-03-09,0.0367155,0.0369727,0.0393948,1.23497957
2026-03-10,0.036719,0.036941299999999996,0.0393529,1.23510479
2026-03-11,0.036719,0.036912099999999996,0.0393093,1.23522967
2026-03-12,0.0367223,0.0369099,0.0392652,1.23535457
2026-03-13,0.0367223,0.0369077,0.039221599999999995,1.23547982
2026-03-16,0.036719,0.0368919,0.0390873,1.23585561
2026-03-17,0.0367326,0.036892999999999995,0.0390488,1.23598263
2026-03-18,0.0367294,0.0368886,0.039021,1.23610794
2026-03-19,0.036716,0.0368841,0.0389916,1.23623224
2026-03-20,0.0366859,0.0368797,0.0389622,1.23635655
2026-03-23,0.036619,0.0368639,0.038875,1.23672952
2026-03-24,0.0366057,0.0368594,0.0388461,1.23685388
2026-03-25,0.0365957,0.0368561,0.0388149,1.23697859
2026-03-26,0.036589,0.0368538,0.0387855,1.23710367
2026-03-27,0.0365823,0.0368416,0.0387567,1.23722909
2026-03-30,0.0365387,0.0367967,0.0386638,1.23760336
2026-03-31,0.0365221,0.0367877,0.0386315,1.23772815
2026-04-01,0.0365221,0.0367664,0.038602,1.23785467
2026-04-02,0.0365021,0.0367418,0.0385721,1.23798018
2026-04-06,0.0364882,0.0367069,0.0384582,1.23848362
2026-04-07,0.0364883,0.036705800000000004,0.0384316,1.23860919
2026-04-08,0.0364783,0.0367024,0.0384027,1.23873374
2026-04-09,0.0364583,0.0366968,0.0383711,1.23885727
2026-04-10,0.0364349,0.036689,0.0383383,1.23898012
2026-04-13,0.036398,0.0366789,0.0382443,1.23935285
2026-04-14,0.0363914,0.036676600000000004,0.0382069,1.23947782
2026-04-15,0.0363947,0.0366789,0.0381707,1.23960383
2026-04-16,0.0364014,0.0366856,0.038144700000000004,1.23973192
2026-04-17,0.0364081,0.036688,0.0381159,1.23985831
2026-04-20,0.0364381,0.036688,0.0380241,1.24023543
2026-04-21,0.036441499999999995,0.0366868,0.0379913,1.24036049
2026-04-22,0.036444899999999995,0.0366868,0.037956699999999996,1.24048556
2026-04-23,0.0364516,0.0366868,0.0379228,1.24061098
2026-04-24,0.0364583,0.036686899999999995,0.0378895,1.24073677
2026-04-27,0.036478199999999995,0.0366891,0.0377852,1.24111519
2026-04-28,0.0364883,0.0366891,0.0377507,1.24124137
2026-04-29,0.036491699999999995,0.0366891,0.0377281,1.24136688
2026-04-30,0.036491699999999995,0.0366868,0.0376947,1.24149205
2026-05-01,0.036485,0.0366847,0.0376631,1.24161826
2026-05-04,0.0364685,0.03667,0.0375821,1.24199489
2026-05-05,0.0364586,0.036663299999999996,0.0375662,1.24212012
2026-05-06,0.0364453,0.036659899999999995,0.0375493,1.24224503
2026-05-07,0.0364319,0.0366555,0.0375312,1.2423696
2026-05-08,0.036425200000000005,0.0366511,0.0375126,1.24249383
2026-05-11,0.0364351,0.0366386,0.0374542,1.24286658
2026-05-12,0.0364319,0.036633,0.0374327,1.24299087
2026-05-13,0.0364285,0.0366274,0.0374101,1.24311517
2026-05-14,0.0364152,0.0366207,0.0373898,1.24323913
2026-05-15,0.0363817,0.0366096,0.0373677,1.24336207
2026-05-18,0.0362513,0.0365726,0.037297500000000004,1.2437299
2026-05-19,0.0362113,0.0365524,0.037276,1.24385186
2026-05-20,0.0361645,0.0365278,0.0372534,1.24397313
2026-05-21,0.036121,0.0365087,0.0372291,1.24409407
2026-05-22,0.0360809,0.036492,0.037205300000000004,1.24421537
2026-05-26,0.035943499999999996,0.0364413,0.0371062,1.24470615
2026-05-27,0.0359335,0.0364369,0.0370825,1.24483166
2026-05-28,0.0359234,0.036432400000000004,0.0370548,1.24495718
2026-05-29,0.0359167,0.0364257,0.037026500000000004,1.24508236
2026-06-01,0.0359033,0.0364055,0.036949499999999996,1.245459
2026-06-02,0.0359067,0.0363999,0.0369325,1.24558528
2026-06-03,0.0359034,0.0363954,0.0369161,1.24571087
2026-06-04,0.0358967,0.0363898,0.0368981,1.24583579
2026-06-05,0.0358967,0.0363865,0.0368806,1.24596107
2026-06-08,0.0359233,0.0363797,0.0368285,1.24633797
2026-06-09,0.0359335,0.0363786,0.0368132,1.24646364
2026-06-10,0.0359335,0.0363741,0.0368098,1.24658829
2026-06-11,0.0359301,0.0363674,0.0368053,1.2467126
2026-06-12,0.0359301,0.0363618,0.036801400000000005,1.24683727
2026-06-15,0.0360136,0.036356099999999995,0.0367923,1.24721652
2026-06-16,0.0360605,0.0363606,0.0367923,1.24734436
2026-06-17,0.0360872,0.0363617,0.0367906,1.24747013
2026-06-18,0.0361206,0.0363629,0.0367889,1.24759592
2026-06-22,0.0362573,0.0363627,0.0367786,1.24809773
2026-06-23,0.0362776,0.0363605,0.0367758,1.24822289
2026-06-24,0.0363011,0.036358299999999996,0.0367735,1.2483484
2026-06-25,0.0363245,0.036354899999999996,0.0367657,1.24847393
2026-06-26,0.036327899999999996,0.036356099999999995,0.0367589,1.24860016
2026-06-29,0.0363211,0.036352699999999995,0.0367373,1.24897683
2026-06-30,0.0363179,0.0363459,0.0367232,1.24910242
2026-07-01,0.0363346,0.0363493,0.0367125,1.2492301
2026-07-02,0.0363379,0.0363494,0.0367074,1.24935711
2026-07-06,0.0363608,0.0363415,0.0366904,1.2498624
2026-07-07,0.0363609,0.036342599999999996,0.0366892,1.24998843
2026-07-08,0.0363576,0.0363459,0.0366881,1.25011412
2026-07-09,0.0363409,0.0363471,0.0366847,1.25023844
2026-07-10,0.036317499999999996,0.0363382,0.0366785,1.25036103
2026-07-13,0.0362539,0.0363157,0.0366626,1.25073093
2026-07-14,0.0362373,0.0363089,0.0366604,1.25085601
2026-07-15,0.0362306,0.0362989,0.0366587,1.25098213
2026-07-16,0.0362139,0.0362955,0.0366582,1.25110862
2026-07-17,0.0362105,0.036292200000000004,0.0366565,1.25123443
2026-07-20,0.036177299999999996,0.0362742,0.036646899999999996,1.25160876
2026-07-21,0.0361608,0.0362675,0.0366435,1.25173287
2026-07-22,0.0361574,0.0362641,0.0366418,1.25185839
2026-07-23,0.0361608,0.0362607,0.0366401,1.25198428
2026-07-24,0.0361674,0.0362586,0.0366396,1.25211087
2026-07-27,0.036180699999999996,0.0362518,0.0366367,1.25249067
2026-07-28,0.0361875,0.0362518,0.0366367,1.25261731
2026-07-29,0.0361975,0.036254,0.0366367,1.25274431
2026-07-30,0.0362076,0.036252900000000005,0.036635,1.25287133
2026-07-31,0.0361975,0.0362541,0.036633399999999997,1.25299836
2026-08-03,0.036211099999999996,0.0362619,0.036628799999999996,1.25338052
2026-08-04,0.0362146,0.036265200000000004,0.036628799999999996,1.2535076
2026-08-05,0.0362213,0.0362708,0.0366293,1.25363504
